timestamp_us,magX_uT,magY_uT,magZ_uT
1758143796,-26.321,-0.202,15.087
1758150796,-31.151,0.701,13.124
1758157796,-30.615,9.306,16.315
1758164796,-31.869,6.282,11.308
1758171796,-29.355,-1.771,11.102
1758178796,-29.846,6.546,14.057
1758185796,-24.823,3.478,12.753
1758192796,-25.097,3.639,11.238
1758199907,-24.612,4.256,7.938
1758206972,-34.613,3.872,18.703
1758214953,-31.924,4.337,15.626
1758224325,-32.054,0.248,14.659
1758232248,-30.219,2.639,9.299
1758240162,-35.814,0.926,20.773
1758247800,-25.392,4.518,11.233
1758254797,-29.932,2.927,9.798
1758261797,-31.068,9.257,6.209
1758268796,-32.865,4.59,19.935
1758275796,-25.143,9.027,14.217
1758282796,-29.4,2.446,14.093
1758289796,-30.384,3.945,10.552
1758296796,-27.866,4.101,9.25
1758303796,-31.113,0.435,10.346
1758310796,-30.654,7.081,19.372
1758317796,-34.163,-2.464,7.638
1758324796,-28.731,1.518,19.149
1758331796,-28.732,5.181,18.859
1758338796,-37.133,8.11,19.707
1758345796,-26.188,0.52,16.089
1758352796,-32.382,7.256,16.614
1758359796,-30.122,5.387,12.809
1758366796,-26.181,8.478,25.867
1758373796,-34.12,2.255,4.05
1758381796,-32.169,5.399,11.827
1758388796,-26.646,3.293,17.079
1758395796,-29.371,1.336,22.952
1758402796,-27.533,0.214,17.629
1758409796,-31.008,5.385,13.074
1758416796,-27.994,6.354,18.583
1758423796,-30.33,-1.396,17.938
1758430796,-29.86,6.536,15.069
1758437796,-27.266,0.927,19.64
1758444796,-31.783,6.97,15.85
1758451796,-31.814,-1.005,7.842
1758458796,-28.289,3.57,18.869
1758465796,-27.571,6.592,8.968
1758472796,-26.879,6.267,12.248
1758479796,-34.642,4.542,9.848
1758486797,-25.553,1.139,12.534
1758493796,-31.981,8.797,8.503
1758500796,-28.826,7.751,25.66
1758507796,-30.077,1.463,9.815
1758514796,-27.711,2.934,8.755
1758521796,-26.589,0.989,13.056
1758528796,-27.411,4.884,19.096
1758535796,-33.255,0.232,16.446
1758542796,-33.863,10.034,17.113
1758549796,-31.297,6.562,12.561
1758556796,-32.255,10.025,17.848
1758563796,-31.19,3.016,15.882
1758570797,-32.867,7.853,30.773
1758577796,-33.538,9.909,14.834
1758584796,-32.007,7.899,10.535
1758591796,-26.501,3.543,6.203
1758598796,-29.764,3.716,19.141
1758605796,-29.458,2.698,18.389
1758612796,-28.056,3.191,12.549
1758619796,-29.255,0.979,14.359
1758626796,-33.046,2.913,11.612
1758633796,-29.297,15.454,16.233
1758640796,-32.589,-0.259,21.751
1758647796,-27.754,2.025,12.051
1758654796,-30.768,4.907,17.121
1758661796,-34.076,1.197,22.768
1758668796,-33.898,1.219,20.49
1758675796,-32.246,4.318,17.654
1758682796,-33.893,8.067,8.537
1758689797,-29.147,-0.807,17.409
1758696796,-29.501,1.056,21.693
1758703796,-28.477,0.757,22.187
1758710796,-26.594,5.381,13.011
1758717796,-27.957,1.001,27.234
1758724796,-26.002,5.822,12.746
1758731796,-32.55,7.681,18.129
1758738796,-31.255,2.05,9.826
1758745914,-25.263,8.461,12.202
1758754235,-31.448,3.922,13.096
1758761918,-29.901,7.093,18.097
1758770027,-29.832,5.677,13.055
1758777966,-26.645,8.568,16.519
1758787345,-31.33,1.85,15.391
1758794800,-28.234,-3.277,15.399
1758801796,-32.523,4.038,16.396
1758808796,-28.099,8.289,15.278
1758815796,-32.799,4.824,25.999
1758822797,-30.314,2.572,16.38
1758829796,-25.99,6.856,11.724
1758836881,-29.914,1.914,8.544
1758848796,-32.336,5.531,13.345
1758855796,-27.141,8.969,20.567
1758862797,-25.546,4.513,11.741
1758869796,-30.516,5.275,9.276
1758876796,-30.551,0.603,23.23
1758883796,-37.0,4.103,10.139
1758890796,-23.648,2.303,13.001
1758897797,-24.541,2.883,13.766
1758904796,-33.467,0.291,10.381
1758911796,-24.346,1.745,10.236
1758918796,-32.832,5.053,17.402
1758925796,-32.79,1.273,14.659
1758932796,-27.482,3.62,13.548
1758939796,-26.739,9.924,12.461
1758946796,-31.922,-3.238,27.081
1758953796,-30.725,3.033,14.106
1758960796,-36.309,6.309,24.265
1758967796,-31.557,7.653,20.896
1758974796,-30.705,3.34,12.585
1758981796,-38.921,7.363,21.51
1758988796,-28.454,1.36,20.411
1758995796,-31.351,3.153,16.894
1759002796,-27.089,-0.119,6.502
1759009796,-28.253,5.5,16.068
1759016796,-30.792,3.823,8.031
1759023796,-29.003,-1.102,17.663
1759030796,-29.225,4.224,11.797
1759037797,-27.26,2.877,29.985
1759044796,-28.065,8.02,12.753
1759051796,-26.584,9.197,11.961
1759058796,-33.375,1.13,14.416
1759065796,-30.874,4.644,14.091
1759072796,-34.734,4.477,16.676
1759079796,-29.712,5.95,15.073
1759086796,-28.287,5.476,18.597
1759093796,-30.936,5.039,18.639
1759100796,-33.507,2.46,13.14
1759107796,-26.979,-2.93,9.563
1759114796,-25.37,4.282,20.59
1759121796,-31.794,6.335,5.744
1759128796,-34.055,4.142,20.968
1759135796,-26.832,1.214,20.136
1759142796,-28.547,1.545,16.365
1759149796,-27.39,1.822,17.863
1759156796,-26.082,0.345,19.123
1759163796,-33.806,3.775,13.384
1759170796,-33.777,2.038,11.379
1759177796,-29.96,3.493,11.815
1759184796,-32.67,3.892,16.4
1759191796,-31.341,6.677,15.847
1759198797,-27.247,6.842,28.68
1759205796,-25.192,4.011,18.315
1759212796,-19.789,1.339,21.551
1759219796,-29.028,4.008,19.128
1759226797,-33.875,5.191,18.426
1759233796,-27.317,2.607,12.292
1759240796,-28.388,2.872,15.338
1759247796,-27.525,9.303,16.271
1759254796,-26.247,2.089,20.372
1759261796,-38.196,-0.012,11.968
1759268796,-34.627,7.085,19.429
1759275796,-31.139,3.827,22.952
1759282796,-27.057,3.754,14.804
1759289925,-29.47,4.008,19.134
1759298242,-27.627,-1.213,13.852
1759305958,-28.833,2.87,15.597
1759314088,-29.512,5.297,22.155
1759322019,-26.243,6.446,8.698
1759329953,-34.075,3.981,22.487
1759338800,-32.249,1.093,18.192
1759345796,-31.79,6.672,16.359
1759352797,-33.175,1.901,10.36
1759359796,-30.886,0.093,15.402
1759366796,-28.231,0.534,14.854
1759373796,-26.611,6.729,25.133
1759380796,-29.362,1.155,11.325
1759387796,-31.955,1.678,18.182
1759394796,-26.167,6.103,14.009
1759401796,-33.758,6.886,9.559
1759408796,-31.792,9.454,16.33
1759415796,-33.97,5.92,3.504
1759422796,-31.047,8.101,4.704
1759429796,-30.829,8.38,21.384
1759436796,-36.928,5.514,15.686
1759443796,-34.236,6.274,12.353
1759450796,-30.928,9.106,6.715
1759457796,-29.058,-1.329,10.84
1759464796,-20.217,1.056,20.549
1759471796,-30.077,0.585,9.824
1759478796,-29.553,7.424,14.044
1759485796,-29.598,8.271,17.323
1759492796,-26.885,5.091,12.766
1759499796,-30.875,-3.374,25.803
1759506796,-23.27,7.197,6.372
1759513796,-32.748,6.578,11.064
1759520796,-32.853,5.143,8.047
1759527796,-26.013,3.177,13.784
1759534796,-30.93,9.292,17.837
1759541796,-30.796,0.89,8.567
1759548796,-27.69,3.723,18.1
1759555796,-26.85,1.599,10.526
1759562796,-32.591,5.014,21.444
1759569796,-32.796,8.846,3.457
1759576796,-27.873,7.758,9.466
1759583796,-29.678,6.121,12.542
1759590796,-30.267,3.337,12.832
1759597796,-27.02,5.14,22.88
1759604796,-34.12,3.468,14.908
1759611797,-28.0,5.763,19.095
1759618796,-32.8,3.904,15.138
1759625796,-29.9,2.845,18.394
1759632796,-35.09,5.458,21.222
1759639796,-27.373,4.618,16.317
1759646797,-30.221,4.542,9.28
1759653796,-32.322,1.878,12.624
1759660796,-31.832,3.963,8.803
1759667796,-25.726,3.172,14.286
1759674796,-28.187,1.194,22.431
1759681797,-27.898,5.543,11.511
1759688796,-37.972,8.435,16.429
1759695796,-30.738,2.145,15.126
1759702796,-29.153,7.206,6.203
1759709796,-30.343,9.478,28.95
1759716796,-32.149,2.922,10.588
1759723796,-30.259,-0.906,12.623
1759730796,-25.93,5.915,18.306
1759737796,-28.393,1.842,15.854
1759744796,-34.738,5.206,16.922
1759751796,-30.624,-2.127,17.95
1759758796,-34.051,5.276,9.58
1759765796,-37.425,3.277,20.014
1759772796,-25.54,1.734,11.517
1759779796,-34.784,-0.582,9.903
1759786796,-26.796,-0.519,17.626
1759793796,-28.578,3.972,7.492
1759800796,-27.567,0.629,20.153
1759807796,-28.777,12.767,21.563
1759814796,-32.099,11.057,17.077
1759821796,-31.406,6.003,9.787
1759828796,-24.893,4.705,6.926
1759836059,-28.626,4.67,11.025
1759844009,-31.711,2.626,10.837
1759851943,-27.615,3.044,12.544
1759860935,-27.948,5.068,15.309
1759869223,-28.827,0.53,15.368
1759876804,-36.476,4.203,14.934
1759883796,-29.613,9.097,7.454
1759890796,-29.927,2.386,20.421
1759897796,-35.957,6.203,19.963
1759904796,-28.917,8.043,10.489
1759911796,-33.492,1.445,12.139
1759918796,-29.126,5.069,15.326
1759925796,-27.772,6.407,13.018
1759932796,-27.578,0.141,10.045
1759939796,-31.711,7.356,21.407
1759946796,-27.216,3.705,4.695
1759953796,-30.353,7.818,18.855
1759960796,-30.686,1.156,11.343
1759967796,-30.074,2.825,20.419
1759974881,-29.105,1.86,14.095
1759986796,-27.436,6.331,20.851
1759993796,-32.061,1.121,15.156
1760000796,-33.513,5.093,13.366
1760007796,-29.886,3.001,17.381
1760014796,-35.601,-0.639,15.983
1760021796,-24.142,4.464,16.778
1760028796,-28.361,11.283,23.594
1760035796,-36.351,5.317,5.567
1760042796,-33.154,5.913,19.42
1760049796,-32.642,4.539,25.242
1760056796,-31.329,4.195,15.114
1760063796,-37.085,3.204,27.594
1760070796,-31.04,7.895,26.196
1760077796,-26.728,6.123,11.994
1760084796,-35.057,3.431,18.967
1760091796,-29.807,8.624,11.001
1760098797,-30.945,7.67,19.118
1760105796,-27.93,0.393,14.346
1760112796,-32.838,4.463,17.914
1760119796,-24.082,5.093,12.22
1760126796,-29.634,7.512,20.112
1760133796,-30.552,3.491,12.076
1760140796,-37.447,7.657,21.233
1760147796,-26.475,1.51,4.454
1760154796,-32.568,4.403,8.809
1760161796,-30.834,2.328,11.334
1760168796,-39.189,1.522,20.057
1760175796,-27.945,5.363,15.053
1760182796,-30.998,4.807,12.322
1760189796,-29.935,3.845,20.912
1760196796,-24.46,3.234,7.694
1760204796,-34.921,10.309,19.147
1760211796,-27.464,9.2,11.721
1760218796,-25.58,7.713,13.984
1760225796,-28.185,5.255,11.013
1760232796,-30.369,6.488,20.133
1760239796,-33.008,-2.732,20.265
1760246796,-31.249,7.37,19.884
1760253796,-28.457,9.96,8.946
1760260796,-27.357,9.171,14.753
1760267796,-34.674,2.908,12.394
1760274796,-26.165,7.862,13.738
1760281796,-25.242,2.657,22.121
1760288796,-34.778,6.455,8.819
1760295796,-32.875,4.29,20.697
1760302796,-30.262,1.144,12.602
1760309796,-31.673,3.573,18.917
1760316796,-27.168,4.22,12.02
1760323796,-30.64,5.877,7.502
1760330796,-37.307,4.868,22.018
1760337796,-29.83,3.92,13.073
1760344796,-29.224,3.346,11.806
1760351796,-34.533,4.808,12.625
1760358796,-30.493,9.54,7.21
1760365796,-33.739,4.702,8.317
1760372796,-32.197,8.853,2.69
1760379930,-27.232,10.328,16.256
1760389350,-22.589,-1.591,22.127
1760397255,-33.097,3.755,15.396
1760405156,-33.82,4.351,14.389
1760413068,-25.065,8.644,8.405
1760420804,-34.156,7.211,6.275
1760427796,-28.834,1.111,15.868
1760434796,-31.123,0.909,21.971
1760441796,-29.885,8.129,16.822
1760448796,-30.549,3.933,11.819
1760455796,-34.534,4.116,23.756
1760462796,-28.273,8.123,17.305
1760469796,-29.468,2.398,19.151
1760476796,-30.476,5.597,6.239
1760483796,-26.522,2.251,18.857
1760490796,-30.51,0.632,20.195
1760497796,-25.849,1.472,23.659
1760504796,-27.532,6.661,17.057
1760511796,-32.157,7.458,10.794
1760518796,-26.808,6.318,6.937
1760525796,-34.454,2.122,17.961
1760532796,-29.751,7.827,17.835
1760539797,-29.512,1.781,22.444
1760546796,-29.165,2.509,7.516
1760553796,-26.18,7.81,3.879
1760560796,-35.242,6.627,21.465
1760567796,-35.594,5.373,14.91
1760574796,-32.98,-0.075,17.962
1760581796,-32.738,4.136,21.455
1760588796,-32.25,8.71,17.609
1760595796,-35.729,3.477,14.173
1760602796,-27.781,5.228,13.788
1760609796,-31.286,5.105,11.817
1760616796,-28.325,4.821,10.514
1760623796,-28.514,11.824,12.973
1760630796,-28.364,2.889,13.568
1760637796,-32.365,6.829,15.354
1760644796,-28.842,3.848,5.222
1760651796,-35.871,5.678,13.646
1760658796,-24.861,4.623,15.523
1760665796,-34.09,7.927,23.205
1760672796,-33.27,10.289,5.725
1760679796,-29.953,0.128,11.596
1760686796,-30.36,7.813,19.361
1760693796,-32.626,0.846,13.397
1760700796,-29.516,4.959,11.541
1760707796,-29.311,-0.379,18.671
1760714796,-27.3,2.619,11.027
1760721796,-25.619,6.219,17.034
1760728796,-27.008,6.321,21.856
1760735796,-27.186,2.009,13.56
1760742796,-29.25,-2.638,25.267
1760749796,-36.463,5.091,13.914
1760756796,-26.911,8.148,14.504
1760763796,-25.446,3.747,15.287
1760770796,-28.646,4.217,12.547
1760777796,-30.767,4.175,17.128
1760784796,-30.631,4.126,7.014
1760791796,-31.195,3.892,16.126
1760798796,-29.136,5.647,16.079
1760805796,-28.959,9.624,13.507
1760812796,-30.291,0.39,14.885
1760819796,-32.914,1.73,12.886
1760826796,-28.824,4.927,14.818
1760833796,-33.733,6.36,18.665
1760840796,-28.407,0.912,6.004
1760847796,-28.231,6.542,14.287
1760854796,-33.833,3.463,15.41
1760861796,-25.828,5.987,10.719
1760868797,-30.339,3.872,18.137
1760875796,-31.062,4.761,17.127
1760882796,-31.293,2.902,12.598
1760889796,-31.263,3.844,21.184
1760896796,-29.419,1.114,15.624
1760903796,-31.588,6.711,12.311
1760910796,-28.808,5.817,13.544
1760917796,-28.018,0.037,20.924
1760925293,-35.357,1.962,19.492
1760933240,-30.115,6.312,23.165
1760941144,-29.08,1.626,23.198
1760949053,-30.523,5.27,9.782
1760956971,-34.436,6.196,5.278
1760964805,-26.562,0.423,11.039
1760971796,-29.774,4.001,19.897
1760978796,-31.894,1.429,13.633
1760985796,-27.464,0.598,23.438
1760992796,-29.32,3.529,8.013
1760999796,-25.456,4.179,16.041
1761006796,-28.006,5.026,19.608
1761013796,-28.606,3.114,20.648
1761020796,-30.766,0.074,17.423
1761027796,-30.331,6.368,17.353
1761034796,-32.409,4.013,18.923
1761041796,-34.342,6.638,20.188
1761048796,-25.57,6.003,24.367
1761055796,-29.229,0.225,1.472
1761062796,-26.921,0.963,15.842
1761069796,-28.562,3.292,17.359
1761076796,-24.123,2.573,15.533
1761083796,-24.936,-0.16,10.516
1761090796,-25.531,7.203,21.32
1761097796,-28.366,1.862,13.831
1761104796,-30.339,3.579,18.14
1761111881,-33.423,7.982,17.38
1761123796,-30.819,5.603,20.907
1761130797,-30.222,2.637,9.552
1761137796,-31.301,3.629,13.097
1761144796,-28.172,-1.328,10.575
1761151796,-25.015,4.765,16.029
1761158796,-30.728,2.006,14.369
1761165796,-33.563,4.324,17.167
1761172796,-29.209,5.261,10.522
1761179796,-31.871,5.694,11.567
1761186796,-31.043,9.17,15.311
1761193796,-29.965,5.98,12.042
1761200796,-33.904,7.075,20.43
1761207796,-24.161,6.208,18.024
1761214796,-32.768,7.191,23.446
1761221796,-30.979,6.139,10.791
1761228796,-29.476,3.418,19.646
1761235796,-30.395,5.59,22.165
1761242796,-35.945,0.31,8.646
1761249796,-31.908,2.151,14.637
1761256796,-30.023,0.12,27.778
1761263796,-31.165,4.939,13.84
1761270796,-30.181,3.294,17.382
1761277796,-27.212,10.781,14.735
1761284796,-37.075,4.008,4.832
1761291796,-29.246,8.165,13.021
1761298796,-30.141,3.616,14.344
1761305796,-25.553,8.945,22.82
1761312796,-25.946,8.101,19.295
1761319796,-27.026,-0.619,12.826
1761326796,-35.486,5.743,6.814
1761333796,-27.363,3.119,4.703
1761340796,-28.76,1.75,10.299
1761347796,-27.925,5.085,13.539
1761354796,-32.397,0.904,7.325
1761361796,-26.535,6.97,30.439
1761368796,-32.472,7.737,12.313
1761375796,-27.834,2.219,6.994
1761382796,-24.804,4.957,11.22
1761389796,-31.75,4.21,13.603
1761396796,-27.692,7.343,6.939
1761403796,-31.721,0.17,22.745
1761410796,-28.267,0.907,6.508
1761417796,-30.651,4.153,19.402
1761424796,-29.866,4.732,4.722
1761431797,-31.012,2.306,13.612
1761438796,-29.677,8.466,12.265
1761445796,-35.867,7.586,13.121
1761452796,-30.605,2.574,16.131
1761459796,-27.931,5.854,24.908
1761467152,-26.679,2.097,19.62
1761475102,-28.635,6.569,11.511
1761483011,-28.638,2.757,12.056
1761490952,-30.09,6.875,10.265
1761498886,-25.876,2.584,14.547
1761506809,-35.481,1.351,6.859
1761514800,-31.88,3.783,12.345
1761521796,-36.926,7.608,26.283
1761528796,-27.952,5.651,15.556
1761535796,-29.742,1.973,17.642
1761542796,-32.659,-0.349,15.938
1761549797,-34.102,1.87,13.66
1761556796,-30.397,7.786,22.142
1761563796,-29.698,3.657,25.209
1761570796,-28.584,3.382,8.004
1761577796,-32.688,5.636,17.647
1761584796,-31.992,6.152,9.541
1761591796,-35.183,5.351,17.179
1761598796,-31.524,-2.913,8.363
1761605796,-29.563,10.933,14.514
1761612796,-29.983,13.585,12.723
1761619796,-26.78,4.034,16.062
1761626796,-25.898,1.542,16.327
1761633796,-26.169,7.86,13.991
1761640796,-34.366,2.771,11.379
1761647796,-31.196,6.57,26.97
1761654796,-34.388,4.22,12.882
1761661796,-33.209,5.1,12.603
1761668796,-31.361,2.707,17.658
1761675796,-32.114,6.065,18.645
1761682796,-29.851,8.007,14.295
1761689796,-28.702,5.495,16.58
1761696796,-32.662,9.464,15.332
1761703796,-28.02,7.173,9.474
1761710796,-25.104,3.488,11.745
1761717796,-38.667,2.019,13.977
1761724796,-32.261,5.145,7.786
1761731796,-30.468,1.061,6.032
1761738796,-29.609,2.842,18.642
1761745796,-33.681,5.957,14.876
1761752796,-32.436,5.418,9.808
1761759796,-30.001,4.635,14.837
1761766796,-28.391,2.43,15.595
1761773796,-30.275,4.65,13.324
1761780796,-29.344,1.795,20.925
1761787796,-29.649,-0.703,21.966
1761794796,-28.535,6.535,15.05
1761801796,-25.905,7.691,16.264
1761808796,-34.341,-0.979,20.772
1761815796,-29.528,0.89,23.718
1761822796,-30.524,3.072,10.057
1761829796,-32.833,1.349,6.821
1761836796,-32.544,5.487,17.899
1761843796,-29.641,3.071,10.045
1761850796,-30.36,3.083,8.791
1761857796,-28.709,5.637,17.084
1761864796,-31.077,6.215,18.123
1761871796,-30.932,4.895,18.387
1761878797,-31.626,6.684,15.092
1761885797,-21.799,6.903,6.354
1761892796,-39.576,11.084,15.161
1761899796,-29.029,8.256,18.831
1761906796,-31.639,6.821,16.102
1761913796,-29.998,5.077,14.58
1761920796,-29.935,-2.748,21.485
1761927796,-30.703,4.66,12.319
1761934796,-33.273,1.83,17.694
1761941796,-30.835,-0.017,11.61
1761948796,-35.065,0.495,19.756
1761955796,-19.78,1.597,9.919
1761962796,-35.999,-0.314,12.699
1761969796,-33.575,1.784,7.333
1761976796,-26.982,0.48,20.399
1761983796,-32.045,-0.437,25.031
1761990796,-32.671,5.209,16.387
1761997796,-33.995,1.255,16.699
1762004796,-30.786,12.805,17.799
1762012121,-32.291,5.604,20.928
1762020457,-30.655,5.029,19.646
1762028425,-33.554,3.054,27.545
1762036321,-31.872,13.311,10.983
1762044239,-36.337,-1.077,15.998
1762052136,-26.993,10.686,9.423
1762059800,-31.29,-0.758,12.636
1762066796,-38.27,1.987,17.258
1762073797,-37.411,12.078,18.153
1762080796,-25.916,11.785,16.728
1762087796,-31.681,4.154,19.417
1762094796,-27.438,5.158,21.116
1762101796,-28.564,3.689,6.484
1762108796,-25.606,5.244,27.156
1762115796,-37.072,5.077,15.44
1762122796,-28.166,4.285,20.63
1762129796,-29.525,4.555,23.174
1762136796,-30.43,-1.069,14.396
1762143796,-28.751,0.333,20.678
1762150796,-25.72,1.271,14.052
1762157796,-28.261,7.148,27.428
1762164796,-28.401,12.971,15.487
1762171797,-28.107,2.716,16.347
1762178796,-35.173,2.72,16.701
1762185796,-32.614,5.689,12.083
1762192796,-27.508,6.238,15.291
1762199796,-27.606,12.615,22.053
1762206796,-34.552,3.769,14.153
1762213796,-31.26,0.435,10.348
1762220796,-27.232,4.028,16.827
1762227796,-24.375,3.483,12.241
1762234796,-32.651,9.032,14.577
1762241796,-27.402,2.84,18.611
1762248881,-30.048,6.946,18.101
1762260796,-31.331,4.381,26.236
1762267796,-27.006,1.341,22.16
1762274796,-29.834,-0.73,24.75
1762281796,-37.147,6.048,20.993
1762288796,-28.694,8.431,15.791
1762295796,-27.568,8.247,19.569
1762302796,-26.785,5.203,16.303
1762309796,-26.676,12.208,18.504
1762316797,-25.663,2.526,20.612
1762323796,-31.507,11.206,16.814
1762330796,-29.686,0.987,13.606
1762337796,-30.476,3.44,17.385
1762344796,-32.845,4.751,18.416
1762351796,-27.873,9.265,20.322
1762358796,-37.084,7.412,16.174
1762365796,-34.193,11.328,19.632
1762372796,-36.162,10.41,23.968
1762379797,-30.029,10.077,27.423
1762386796,-30.171,8.03,27.193
1762393796,-31.271,15.266,20.814
1762400796,-33.48,6.769,21.691
1762407797,-30.544,6.427,11.287
1762414796,-27.486,7.069,35.508
1762421796,-19.949,12.277,10.57
1762428796,-28.376,2.775,25.452
1762435796,-22.906,6.702,12.187
1762442796,-22.228,6.806,16.474
1762449796,-22.902,7.479,22.797
1762456796,-27.668,8.134,16.032
1762463796,-20.78,6.202,18.229
1762470796,-27.227,8.866,16.018
1762477796,-19.305,11.079,28.523
1762484796,-24.98,6.841,13.226
1762491796,-19.074,6.849,11.625
1762498796,-23.36,11.611,34.644
1762505796,-22.8,10.335,14.929
1762512796,-22.536,11.38,28.061
1762519796,-21.765,9.647,25.539
1762526796,-18.178,5.727,21.736
1762533796,-22.488,2.583,14.246
1762540796,-22.461,4.548,23.074
1762547796,-17.325,6.543,12.867
1762554911,-26.815,7.673,18.3
1762561885,-25.157,5.794,15.515
1762570025,-21.67,7.705,29.603
1762577966,-23.821,1.552,15.034
1762587345,-20.031,3.135,17.491
1762595275,-26.023,3.023,14.544
1762602800,-16.792,14.414,16.318
1762609796,-22.934,1.45,25.64
1762616796,-21.086,3.997,19.267
1762623796,-23.456,6.771,20.284
1762630796,-20.872,3.353,25.339
1762637796,-17.329,5.262,24.257
1762644796,-21.575,8.065,22.519
1762651796,-23.589,8.687,19.002
1762658796,-19.12,5.791,15.176
1762665796,-20.206,10.44,18.936
1762672796,-19.841,5.843,25.045
1762679796,-16.355,2.25,17.701
1762686796,-17.714,8.778,8.805
1762693796,-22.771,1.273,13.505
1762700796,-17.9,3.037,12.153
1762707796,-14.96,2.885,12.365
1762714796,-20.123,9.955,23.743
1762721796,-17.106,1.36,18.985
1762728796,-19.672,2.595,12.688
1762735796,-10.679,5.193,0.145
1762742796,-18.35,8.452,12.357
1762749796,-22.846,4.254,7.913
1762756796,-22.703,1.175,8.448
1762763796,-16.019,5.209,14.379
1762770796,-12.419,2.805,20.42
1762777796,-12.252,1.899,8.039
1762784796,-19.398,-0.058,14.481
1762791796,-16.764,6.334,4.013
1762798796,-12.111,5.452,19.124
1762805796,-14.78,3.787,9.825
1762812796,-14.44,-1.161,6.837
1762819796,-18.26,-0.274,6.377
1762826796,-14.219,3.433,0.972
1762833796,-10.848,-1.96,13.367
1762840796,-15.867,3.015,14.147
1762847796,-12.738,0.654,0.474
1762854796,-15.417,0.342,2.791
1762861796,-12.799,-2.466,5.31
1762868796,-10.582,2.626,-6.909
1762875796,-6.139,-1.608,-8.698
1762882796,-12.066,1.885,-5.869
1762889796,-12.421,-5.044,-0.736
1762896796,-11.228,-1.998,-13.172
1762903796,-7.497,0.087,-17.292
1762910796,-10.908,-0.515,-15.215
1762917796,-9.113,-0.391,-28.388
1762924796,-10.992,-0.804,-30.885
1762931796,-14.217,-6.212,-31.289
1762938796,-7.26,-4.831,-23.566
1762945796,-12.268,-1.647,-34.398
1762952796,-10.911,0.133,-36.964
1762959796,-12.005,-1.858,-42.995
1762966796,-10.452,1.129,-49.368
1762973796,-7.491,10.515,-51.53
1762980796,-19.471,9.459,-46.797
1762987797,-13.638,10.399,-53.969
1762994797,-7.592,16.954,-66.51
1763001796,-10.154,12.811,-61.628
1763008796,-5.635,9.951,-69.247
1763015796,-10.071,12.976,-78.822
1763022796,-7.371,20.376,-72.363
1763029796,-7.895,20.423,-77.16
1763036796,-4.633,26.947,-101.544
1763043797,0.372,28.555,-101.885
1763050796,3.324,35.738,-103.265
1763057796,-1.81,41.574,-115.892
1763064796,5.618,48.168,-132.752
1763071796,1.001,51.168,-139.795
1763078796,8.64,63.897,-140.035
1763085796,8.744,69.645,-159.31
1763092796,15.613,78.353,-167.587
1763099921,15.532,88.468,-184.376
1763106898,21.32,102.855,-189.41
1763115079,18.479,118.126,-209.245
1763123038,23.007,129.484,-218.781
1763130978,28.016,150.791,-243.089
1763138951,31.679,167.248,-265.305
1763147809,32.311,185.991,-281.181
1763154813,37.712,209.313,-301.975
1763161805,41.569,219.358,-327.162
1763168805,43.987,240.351,-333.733
1763175805,46.938,260.049,-357.995
1763182805,57.492,283.368,-379.116
1763189805,60.792,292.118,-406.557
1763196805,67.52,304.933,-415.633
1763203805,79.503,318.802,-443.756
1763210805,88.484,334.976,-467.562
1763217805,100.568,342.847,-480.709
1763224805,108.146,356.182,-498.399
1763231805,118.018,364.01,-522.132
1763238805,128.723,368.62,-530.928
1763245805,135.709,375.068,-547.78
1763252805,159.982,382.428,-570.197
1763259805,164.224,384.521,-590.504
1763266805,176.439,386.707,-590.954
1763273805,189.11,386.224,-603.265
1763280805,196.541,390.372,-609.229
1763287805,207.899,385.357,-621.98
1763294805,219.803,385.44,-632.011
1763301805,239.835,389.535,-634.109
1763308805,242.681,393.085,-638.231
1763315805,246.298,389.983,-666.314
1763322805,251.798,392.8,-670.719
1763329805,265.381,399.664,-685.899
1763336805,267.081,404.807,-703.421
1763343805,275.012,408.995,-713.69
1763350805,279.221,422.785,-732.6
1763357805,285.303,427.021,-747.646
1763364805,293.769,425.123,-764.434
1763371805,299.861,454.313,-771.393
1763378805,303.135,458.503,-796.512
1763385890,310.958,473.414,-810.682
1763397802,327.225,494.616,-840.711
1763404797,338.42,513.723,-865.337
1763411797,356.462,529.152,-873.591
1763418797,370.034,539.482,-899.172
1763425797,389.982,559.991,-918.376
1763432797,405.587,574.736,-931.391
1763439797,421.902,597.52,-943.235
1763446797,440.391,617.787,-952.302
1763453797,450.536,633.218,-975.106
1763460797,468.564,652.153,-982.637
1763467796,492.366,661.04,-981.045
1763474797,497.056,677.39,-992.151
1763481797,504.618,697.787,-998.283
1763488797,521.324,705.778,-994.053
1763495797,526.258,718.868,-1001.084
1763502803,531.136,723.421,-1003.223
1763509797,541.641,737.516,-1008.827
1763516797,546.804,741.476,-1010.205
1763523797,554.13,753.711,-1020.042
1763530797,559.016,764.569,-1023.257
1763537796,560.231,763.716,-1026.047
1763544797,566.318,771.513,-1030.765
1763551796,572.593,785.827,-1028.22
1763558797,576.69,790.746,-1037.936
1763565797,582.667,796.12,-1034.284
1763572797,592.195,803.662,-1043.346
1763579797,593.969,810.007,-1033.577
1763586796,596.978,821.144,-1050.42
1763593797,599.117,824.902,-1045.686
1763600797,613.317,841.161,-1063.753
1763607803,621.458,847.048,-1067.974
1763614796,624.1,858.573,-1079.507
1763621797,630.955,863.902,-1086.486
1763628797,640.468,876.853,-1094.845
1763635797,653.793,886.86,-1101.964
1763642797,656.659,899.759,-1119.328
1763650580,658.235,903.788,-1127.482
1763657839,669.353,922.107,-1146.285
1763665014,674.454,934.291,-1165.697
1763672948,680.849,956.414,-1183.712
1763682317,684.374,971.015,-1195.542
1763689805,694.656,979.699,-1217.015
1763696797,696.833,991.648,-1226.775
1763703797,704.791,1002.009,-1239.636
1763710802,703.145,1017.333,-1249.882
1763717796,713.924,1027.457,-1253.68
1763724797,715.436,1031.147,-1257.026
1763731797,716.514,1049.16,-1273.153
1763738796,731.259,1054.042,-1265.071
1763745797,728.645,1064.724,-1279.554
1763752796,730.344,1073.276,-1286.239
1763759797,731.293,1082.155,-1281.035
1763766797,740.489,1084.688,-1286.754
1763773797,733.53,1083.492,-1283.356
1763780797,732.358,1091.262,-1284.43
1763787797,734.217,1094.298,-1280.695
1763794797,731.861,1085.509,-1279.813
1763801797,729.252,1084.556,-1271.676
1763808797,718.163,1073.541,-1266.601
1763815802,712.514,1071.496,-1251.078
1763822797,709.993,1067.382,-1249.23
1763829797,705.524,1061.676,-1233.685
1763836797,696.08,1044.525,-1230.088
1763844796,695.167,1036.969,-1205.221
1763851797,685.135,1029.342,-1202.472
1763858797,677.215,1020.725,-1203.534
1763865797,675.144,1009.961,-1179.882
1763872797,670.461,999.769,-1169.851
1763879797,660.419,986.609,-1154.909
1763886796,652.385,980.882,-1136.786
1763893797,651.958,970.051,-1136.921
1763900797,642.289,967.602,-1139.792
1763907797,639.2,959.63,-1117.165
1763914797,628.393,953.441,-1111.638
1763921803,630.398,941.24,-1106.485
1763928797,629.052,937.311,-1093.532
1763935797,612.069,930.692,-1088.165
1763942797,616.919,921.201,-1076.002
1763949797,610.592,914.322,-1075.335
1763956796,608.458,910.797,-1058.583
1763963797,605.002,900.745,-1063.234
1763970797,594.672,892.384,-1060.22
1763977797,597.032,889.538,-1038.482
1763984797,593.761,886.294,-1035.621
1763991797,586.638,878.347,-1030.381
1763998796,584.026,866.697,-1021.123
1764005797,586.597,864.001,-1015.065
1764012797,582.604,863.551,-1013.486
1764019797,581.815,853.3,-997.695
1764026802,587.344,857.603,-1004.391
1764033797,589.567,858.93,-1005.701
1764040797,579.722,846.392,-994.56
1764047797,580.107,853.132,-979.972
1764054797,579.399,842.604,-981.118
1764061796,584.236,850.79,-980.512
1764068797,581.57,847.704,-978.925
1764075797,586.727,848.289,-979.511
1764082797,583.971,845.83,-982.227
1764089797,581.937,838.273,-972.514
1764096797,584.606,847.369,-974.92
1764103797,576.231,841.966,-975.251
1764110797,575.843,840.1,-979.018
1764117797,579.33,843.727,-976.072
1764124797,578.865,842.832,-974.286
1764131803,575.03,845.173,-973.75
1764138797,568.642,841.474,-968.817
1764145797,576.122,834.961,-977.453
1764152797,577.279,844.322,-976.807
1764159797,570.378,843.314,-977.709
1764166797,577.534,846.344,-974.05
1764173797,573.609,847.01,-966.669
1764180797,575.843,852.489,-958.162
1764187806,576.581,845.563,-968.72
1764195263,579.325,849.479,-965.26
1764203205,576.092,846.45,-954.311
1764211105,582.179,846.775,-958.447
1764218996,585.542,849.142,-946.131
1764226911,586.926,857.534,-951.293
1764234810,585.582,855.282,-960.605
1764241797,591.406,857.617,-945.29
1764248797,605.109,859.521,-947.022
1764255797,606.401,869.793,-934.505
1764262796,615.213,871.489,-944.508
1764269797,619.469,873.862,-932.964
1764276797,624.842,884.354,-928.598
1764283797,634.164,886.725,-932.8
1764290797,647.094,889.189,-931.746
1764297797,658.922,901.711,-926.229
1764304797,667.527,897.838,-920.244
1764311797,681.953,906.659,-910.681
1764318797,689.471,911.537,-901.231
1764325797,706.161,915.854,-895.446
1764332797,719.451,919.683,-899.468
1764339802,725.1,922.731,-882.135
1764346797,735.147,927.772,-874.746
1764353797,745.679,929.035,-870.359
1764360797,753.068,927.814,-850.732
1764367797,758.96,936.497,-841.045
1764374797,772.55,932.607,-833.868
1764381797,784.781,937.336,-824.737
1764388797,787.706,945.713,-813.235
1764395797,794.097,944.767,-806.996
1764402797,803.494,949.326,-795.042
1764409797,811.492,950.756,-777.221
1764416797,813.644,951.74,-773.217
1764423797,825.97,955.805,-771.159
1764430797,833.054,953.363,-761.628
1764437797,832.828,954.918,-755.826
1764444802,844.384,960.676,-762.371
1764451797,848.073,959.737,-741.177
1764458797,846.598,967.207,-741.485
1764465797,847.64,972.97,-731.952
1764472797,856.6,968.555,-730.518
1764479797,861.673,978.31,-725.634
1764486797,854.923,982.433,-727.35
1764493797,855.949,984.521,-716.262
1764500797,863.553,990.005,-724.264
1764507797,874.726,997.311,-724.246
1764514797,872.311,996.831,-719.656
1764521882,879.549,996.55,-721.779
1764533797,887.474,1007.222,-721.243
1764540797,892.131,1016.955,-729.247
1764547803,894.726,1016.328,-725.232
1764554797,901.808,1021.022,-727.151
1764561797,903.139,1034.651,-728.827
1764568797,908.125,1038.924,-717.06
1764575797,914.248,1048.4,-713.705
1764582797,923.817,1046.154,-724.943
1764589796,920.496,1052.25,-719.143
1764596797,936.959,1053.728,-707.258
1764603797,938.218,1065.253,-703.349
1764610797,946.914,1070.822,-705.047
1764617797,947.138,1071.399,-688.876
1764624797,957.874,1085.05,-678.804
1764631796,965.217,1082.835,-677.622
1764638797,974.322,1085.783,-665.647
1764645797,975.878,1089.84,-661.413
1764652803,974.086,1090.889,-648.505
1764659797,987.168,1093.104,-636.832
1764666797,990.017,1094.018,-640.927
1764673797,993.295,1096.325,-622.289
1764680797,1001.636,1096.617,-608.001
1764687796,1006.691,1103.43,-601.57
1764694797,1012.161,1100.407,-592.263
1764701797,1027.649,1109.583,-574.122
1764708797,1037.977,1110.806,-565.434
1764715797,1045.98,1113.412,-548.13
1764722797,1064.822,1121.497,-538.623
1764729797,1074.341,1134.681,-525.494
1764737063,1087.41,1138.018,-523.946
1764745017,1104.093,1148.776,-518.227
1764752966,1111.38,1153.49,-491.581
1764762345,1119.545,1164.562,-487.007
1764770247,1130.892,1169.438,-477.865
1764777805,1143.484,1178.945,-463.226
1764784797,1147.514,1184.589,-457.021
1764791797,1155.113,1189.965,-453.646
1764798797,1165.48,1194.04,-437.15
1764805797,1165.853,1199.956,-443.536
1764812797,1170.999,1197.31,-443.077
1764819797,1179.609,1204.283,-438.468
1764826797,1183.997,1208.842,-425.936
1764833797,1181.197,1214.661,-437.08
1764840797,1176.637,1220.422,-426.708
1764847797,1186.927,1214.544,-425.531
1764854802,1186.107,1217.561,-419.483
1764861797,1179.029,1220.886,-429.528
1764868797,1176.892,1221.232,-434.811
1764875797,1183.991,1216.058,-415.139
1764882797,1173.72,1222.055,-428.706
1764889797,1176.912,1218.169,-436.044
1764896797,1167.148,1216.53,-431.842
1764903797,1161.457,1215.838,-435.293
1764910797,1167.339,1216.269,-435.129
1764917797,1161.27,1211.08,-442.826
1764924797,1158.782,1203.62,-443.22
1764931796,1157.196,1203.686,-434.602
1764938797,1154.417,1198.679,-446.393
1764945797,1155.41,1195.574,-443.342
1764952797,1157.429,1194.747,-418.333
1764959803,1158.031,1195.195,-419.358
1764966797,1157.223,1188.071,-424.33
1764973797,1157.729,1186.253,-417.998
1764980797,1157.019,1184.367,-419.738
1764987797,1155.034,1193.653,-426.125
1764994797,1157.962,1181.48,-424.02
1765001797,1162.063,1185.019,-411.979
1765008797,1156.315,1180.623,-410.841
1765015797,1160.705,1185.917,-398.57
1765022796,1161.849,1183.946,-406.909
1765029796,1161.314,1182.854,-399.811
1765036797,1167.476,1187.376,-398.934
1765043797,1164.958,1191.803,-387.061
1765050797,1165.14,1190.656,-389.58
1765057796,1171.812,1188.969,-382.327
1765065803,1170.555,1196.279,-365.951
1765072796,1167.077,1195.547,-380.81
1765079797,1180.714,1192.715,-377.183
1765086797,1174.631,1197.521,-373.859
1765093797,1184.891,1202.504,-360.405
1765100797,1185.583,1195.44,-356.55
1765107797,1186.647,1201.616,-359.662
1765114797,1187.377,1205.755,-348.591
1765121797,1192.673,1203.844,-348.394
1765128797,1190.46,1202.23,-347.84
1765135797,1189.965,1208.932,-344.363
1765142797,1196.945,1210.477,-338.411
1765149797,1195.676,1213.008,-342.716
1765156797,1199.42,1201.917,-346.701
1765163797,1201.945,1205.74,-348.799
1765170802,1197.516,1208.119,-336.878
1765177797,1195.505,1202.443,-340.077
1765184797,1193.553,1201.098,-337.002
1765191797,1199.837,1195.242,-322.368
1765198797,1196.422,1201.523,-320.614
1765205797,1186.454,1187.789,-322.1
1765212797,1181.916,1199.279,-313.811
1765219797,1189.606,1191.973,-316.121
1765226797,1191.039,1191.318,-324.225
1765233797,1187.177,1192.069,-310.525
1765240797,1186.721,1185.906,-308.939
1765247797,1178.122,1190.809,-315.439
1765254797,1189.551,1187.434,-300.652
1765261797,1180.817,1190.734,-307.892
1765268797,1182.573,1181.893,-317.434
1765275803,1187.39,1187.281,-315.03
1765282901,1185.294,1192.239,-312.775
1765290884,1183.891,1184.964,-317.231
1765298844,1187.39,1190.651,-315.317
1765306031,1189.931,1194.632,-318.681
1765313968,1187.209,1191.758,-323.922
1765322805,1191.728,1194.652,-320.982
1765329797,1195.849,1203.439,-321.89
1765336796,1193.182,1198.155,-320.028
1765343797,1192.41,1204.347,-339.8
1765350796,1197.485,1205.021,-334.317
1765357796,1200.217,1199.803,-340.117
1765364797,1196.766,1204.113,-346.433
1765371797,1200.424,1208.97,-334.4
1765378802,1199.185,1211.816,-340.984
1765385797,1199.279,1216.613,-337.496
1765392797,1200.725,1221.094,-346.916
1765399797,1202.755,1210.082,-343.799
1765406797,1211.665,1224.049,-351.148
1765413797,1216.586,1221.202,-344.869
1765420797,1217.783,1221.508,-346.406
1765427797,1212.737,1230.419,-343.897
1765434797,1219.737,1223.041,-338.612
1765441797,1221.501,1216.99,-348.941
1765448797,1220.993,1223.284,-333.576
1765455797,1220.605,1220.832,-337.338
1765462797,1223.55,1218.78,-337.359
1765469797,1219.764,1220.758,-329.488
1765476796,1214.384,1212.353,-322.499
1765483803,1215.539,1217.171,-321.3
1765490797,1216.473,1216.914,-325.103
1765497797,1212.346,1217.499,-324.545
1765504797,1214.068,1210.141,-320.702
1765511797,1216.677,1220.26,-307.696
1765518797,1224.685,1219.417,-312.353
1765525797,1226.605,1219.127,-312.883
1765532796,1223.333,1221.198,-299.458
1765539796,1224.977,1228.206,-312.953
1765546797,1222.415,1224.356,-308.073
1765553797,1227.17,1221.055,-300.27
1765560797,1230.832,1233.639,-300.198
1765567797,1230.099,1224.851,-299.592
1765574797,1236.406,1236.006,-288.167
1765581797,1235.649,1240.387,-286.937
1765588803,1236.024,1235.065,-281.579
1765595797,1237.004,1236.159,-288.936
1765602797,1243.156,1237.744,-287.017
1765609797,1239.313,1237.736,-285.698
1765616797,1246.824,1244.765,-286.889
1765623796,1248.332,1248.599,-289.984
1765630797,1244.135,1248.108,-284.104
1765637796,1242.985,1244.32,-285.818
1765644797,1243.735,1246.674,-287.117
1765651796,1249.116,1253.572,-304.962
1765659794,1248.941,1254.578,-302.947
1765670794,1253.475,1257.003,-312.138
1765680797,1250.201,1249.801,-308.731
1765687797,1247.179,1254.207,-325.166
1765694803,1236.391,1249.936,-321.176
1765701797,1235.71,1255.544,-325.775
1765708797,1235.526,1247.565,-333.275
1765715797,1236.082,1249.738,-331.029
1765722797,1236.473,1251.565,-338.385
1765729797,1234.489,1254.593,-333.332
1765736797,1232.532,1254.564,-330.017
1765743797,1237.744,1257.093,-334.921
1765750797,1238.258,1259.049,-340.51
1765757797,1239.1,1252.719,-336.918
1765764796,1236.758,1255.116,-327.049
1765771797,1230.406,1259.06,-325.482
1765778797,1234.713,1257.18,-328.305
1765785797,1241.82,1263.65,-332.265
1765792797,1241.889,1253.778,-325.592
1765799803,1238.783,1256.407,-324.563
1765806797,1232.641,1249.889,-315.813
1765813797,1239.636,1251.697,-321.999
1765820801,1235.922,1258.163,-308.866
1765828357,1234.552,1248.421,-315.572
1765836317,1235.408,1254.408,-314.129
1765844219,1230.098,1247.372,-312.464
1765852133,1228.871,1244.659,-319.498
1765860029,1230.469,1245.229,-318.009
1765867804,1227.992,1237.777,-319.162
1765874797,1231.714,1236.966,-311.369
1765881797,1229.832,1233.181,-313.326
1765888797,1227.418,1244.276,-309.866
1765895796,1229.253,1233.042,-314.075
1765902802,1220.396,1236.213,-323.082
1765909797,1221.417,1231.81,-322.04
1765916797,1226.349,1235.27,-317.09
1765923797,1223.797,1236.661,-324.399
1765930797,1222.409,1234.963,-330.43
1765937797,1217.643,1233.756,-326.051
1765944797,1221.808,1228.468,-339.962
1765951797,1226.747,1225.194,-334.942
1765958797,1231.25,1238.438,-342.727
1765965797,1232.804,1236.884,-348.801
1765972797,1232.051,1246.354,-359.253
1765979797,1234.135,1250.512,-350.476
1765986796,1235.399,1251.745,-357.08
1765993797,1234.64,1253.007,-366.437
1766000797,1239.112,1266.961,-371.953
1766007803,1240.976,1263.367,-379.022
1766014797,1241.046,1264.882,-384.347
1766021797,1236.127,1268.903,-390.891
1766028797,1246.363,1268.407,-386.229
1766035796,1247.837,1272.656,-386.799
1766042797,1251.431,1274.748,-391.676
1766049797,1252.595,1284.114,-391.536
1766056797,1256.964,1287.341,-377.473
1766063797,1262.521,1290.053,-386.176
1766070796,1265.056,1293.884,-389.033
1766077797,1266.704,1292.479,-380.193
1766084796,1272.127,1295.641,-389.91
1766091797,1275.854,1293.368,-382.356
1766098797,1267.763,1297.627,-382.789
1766105797,1272.428,1293.489,-379.274
1766112803,1273.9,1293.487,-379.295
1766119797,1270.647,1295.238,-378.255
1766126797,1271.477,1292.96,-385.07
1766133797,1268.225,1289.185,-372.597
1766140797,1268.733,1291.031,-366.808
1766147796,1259.074,1282.582,-369.87
1766154797,1253.108,1281.505,-363.706
1766161797,1256.092,1269.623,-376.773
1766168797,1246.108,1270.757,-356.417
1766175796,1252.531,1268.141,-374.432
1766182797,1245.735,1266.997,-361.177
1766189797,1251.019,1263.173,-359.949
1766196797,1244.724,1264.814,-362.404
1766203797,1246.403,1262.365,-366.701
1766210797,1240.064,1260.019,-365.575
1766217803,1243.486,1259.457,-368.399
1766224797,1243.626,1256.814,-367.615
1766231797,1248.122,1256.282,-373.742
1766238797,1252.329,1262.827,-369.824
1766245797,1251.152,1260.883,-380.658
1766252797,1245.451,1262.129,-372.499
1766259797,1258.854,1268.383,-385.143
1766266797,1252.339,1264.698,-381.726
1766273797,1260.345,1265.611,-386.4
1766280797,1262.194,1267.134,-392.762
1766287797,1257.283,1269.842,-399.799
1766294797,1265.045,1278.264,-408.845
1766301797,1267.944,1275.51,-427.314
1766308797,1262.665,1278.793,-417.918
1766315797,1263.758,1278.438,-411.609
1766322803,1259.86,1272.888,-427.677
1766329797,1256.653,1281.808,-441.628
1766336797,1257.544,1282.944,-453.281
1766343796,1257.758,1280.501,-458.063
1766350797,1258.405,1284.246,-451.79
1766357797,1259.3,1290.659,-464.257
1766364797,1260.96,1289.327,-478.172
1766372570,1260.352,1298.104,-477.495
1766379838,1252.125,1308.084,-479.249
1766387024,1266.973,1301.132,-488.744
1766394966,1266.831,1308.754,-489.832
1766404345,1268.373,1307.672,-484.028
1766411804,1270.885,1313.977,-485.393
1766418797,1273.827,1311.776,-485.159
1766425803,1271.054,1309.304,-486.611
1766432796,1268.977,1312.81,-485.606
1766439796,1274.967,1312.041,-482.397
1766446797,1268.886,1314.023,-489.915
1766453797,1279.003,1319.407,-487.84
1766460796,1271.505,1316.782,-487.958
1766467797,1277.496,1316.266,-495.876
1766474797,1276.028,1324.808,-485.83
1766481797,1279.006,1320.435,-488.103
1766488797,1273.443,1318.703,-490.028
1766495797,1279.337,1321.047,-490.895
1766502797,1278.891,1314.744,-490.065
1766509797,1271.784,1305.051,-485.819
1766516797,1273.845,1311.976,-475.554
1766523797,1274.856,1312.946,-485.186
1766530802,1270.19,1305.551,-476.7
1766537797,1276.365,1308.723,-487.692
1766544797,1269.67,1295.052,-480.883
1766551797,1268.475,1295.772,-479.609
1766558796,1263.774,1297.688,-480.32
1766565797,1271.018,1297.851,-482.954
1766572797,1262.835,1291.454,-486.563
1766579797,1261.496,1285.104,-495.833
1766586797,1263.167,1284.595,-488.773
1766593797,1260.467,1283.641,-495.804
1766600797,1258.165,1285.585,-499.836
1766607797,1255.041,1278.971,-496.689
1766614797,1262.005,1286.072,-490.036
1766621796,1260.367,1284.407,-499.349
1766628797,1261.222,1285.265,-497.348
1766635802,1259.96,1281.25,-490.716
1766642797,1267.908,1284.719,-502.241
1766649797,1260.859,1287.812,-503.436
1766656797,1260.474,1293.754,-497.172
1766663797,1268.553,1295.893,-507.422
1766670797,1265.313,1293.884,-495.978
1766677797,1275.346,1295.903,-509.288
1766684797,1271.767,1302.026,-506.266
1766691797,1278.919,1299.633,-501.793
1766698797,1275.218,1303.242,-511.384
1766705797,1276.339,1302.322,-507.093
1766712797,1273.963,1303.773,-505.557
1766719797,1279.635,1302.841,-500.572
1766726797,1278.602,1308.115,-500.864
1766733797,1279.948,1305.386,-491.249
1766740802,1280.924,1301.684,-486.927
1766747797,1279.594,1299.589,-497.252
1766754797,1281.675,1303.745,-488.223
1766761797,1274.092,1296.183,-492.587
1766768796,1272.93,1295.212,-482.701
1766775797,1264.648,1292.072,-490.135
1766782797,1263.676,1286.149,-482.982
1766789797,1269.08,1281.385,-490.594
1766796878,1270.598,1279.993,-483.017
1766808796,1266.765,1280.431,-482.461
1766815797,1262.042,1276.429,-491.96
1766822796,1259.706,1272.823,-482.03
1766829797,1265.056,1271.683,-485.887
1766836797,1254.24,1273.986,-480.447
1766843803,1260.118,1276.024,-480.046
1766850796,1256.289,1275.294,-479.731
1766857796,1264.562,1266.958,-481.533
1766864797,1259.764,1274.224,-475.472
1766871797,1258.703,1269.767,-483.754
1766878796,1259.32,1277.153,-475.495
1766885796,1251.298,1276.333,-480.681
1766892797,1258.689,1280.598,-483.612
1766899797,1260.053,1282.718,-475.816
1766906797,1267.886,1282.88,-478.457
1766914079,1268.531,1287.169,-483.061
1766922036,1265.045,1286.033,-486.286
1766929956,1270.219,1298.498,-489.269
1766939333,1273.743,1298.594,-499.686
1766947244,1274.312,1302.933,-509.599
1766954805,1278.393,1300.997,-506.603
1766961797,1278.717,1311.859,-509.753
1766968797,1271.4,1309.258,-512.403
1766975797,1276.814,1308.645,-510.199
1766982797,1274.924,1315.068,-523.384
1766989797,1276.878,1310.009,-515.017
1766996797,1274.658,1307.324,-524.818
1767003797,1281.249,1311.397,-522.931
1767010797,1276.82,1310.179,-532.715
1767017797,1273.371,1308.923,-538.721
1767024797,1268.951,1304.528,-537.854
1767031797,1271.089,1307.951,-543.987
1767038796,1271.777,1308.502,-540.463
1767045797,1277.624,1305.204,-548.35
1767052803,1270.238,1306.51,-546.236
1767059796,1274.178,1307.613,-554.899
1767066797,1267.587,1294.309,-555.932
1767073796,1268.822,1292.632,-549.107
1767080797,1265.199,1295.062,-542.507
1767087797,1260.17,1284.06,-539.541
1767094797,1264.685,1283.436,-536.06
1767101797,1268.111,1290.829,-528.853
1767108796,1268.633,1277.219,-544.648
1767115797,1264.784,1284.573,-532.533
1767122796,1267.701,1280.01,-530.253
1767129796,1263.858,1283.079,-529.218
1767136797,1268.497,1285.221,-524.25
1767143797,1260.249,1275.848,-522.772
1767150797,1263.526,1284.705,-515.578
1767157802,1269.5,1283.045,-511.096
1767164797,1261.111,1284.371,-510.989
1767171797,1266.52,1286.245,-508.558
1767178797,1269.938,1278.248,-499.423
1767185797,1264.608,1276.912,-496.805
1767192796,1266.64,1282.644,-484.252
1767199797,1263.72,1290.346,-508.56
1767206796,1265.367,1284.106,-499.165
1767213796,1262.829,1282.765,-496.334
1767220797,1261.682,1282.16,-509.458
1767227797,1262.595,1287.349,-501.181
1767234797,1268.556,1289.595,-507.104
1767241796,1265.676,1286.314,-500.456
1767248797,1267.046,1297.334,-504.887
1767255797,1267.736,1299.205,-501.629
1767262803,1272.036,1300.396,-504.231
1767269797,1268.819,1300.121,-505.699
1767276797,1264.391,1304.218,-504.919
1767283797,1267.025,1301.275,-503.663
1767290797,1269.016,1296.535,-498.081
1767297797,1264.125,1296.955,-495.487
1767304797,1270.88,1300.454,-494.861
1767311797,1267.149,1301.111,-501.893
1767318797,1266.25,1301.581,-489.75
1767325797,1272.058,1296.937,-494.589
1767332797,1266.505,1296.719,-486.417
1767339797,1266.204,1300.376,-486.197
1767346797,1263.0,1285.648,-476.393
1767353797,1258.318,1285.379,-478.346
1767360797,1263.253,1284.405,-484.222
1767367802,1261.451,1282.077,-470.267
1767374797,1259.783,1280.139,-466.431
1767381797,1267.76,1276.052,-468.526
1767388797,1262.382,1272.629,-462.093
1767395797,1264.8,1274.618,-456.081
1767402797,1254.528,1270.4,-457.66
1767409796,1253.439,1270.799,-453.351
1767416797,1250.279,1266.357,-447.698
1767423797,1240.176,1258.972,-439.641
1767430797,1246.125,1260.037,-444.54
1767437797,1241.972,1251.96,-441.364
1767444797,1238.005,1245.962,-441.246
1767451797,1244.145,1242.557,-438.012
1767459413,1234.384,1237.99,-433.781
1767467384,1230.425,1232.038,-423.298
1767475289,1227.772,1232.478,-423.012
1767484338,1219.085,1222.562,-410.651
1767492306,1228.463,1223.654,-418.886
1767499805,1219.377,1221.095,-410.387
1767506797,1220.536,1216.392,-408.586
1767513797,1215.599,1217.909,-413.587
1767520797,1214.959,1215.382,-409.507
1767527797,1217.797,1212.081,-401.423
1767534797,1211.586,1218.805,-399.634
1767541796,1219.427,1215.059,-391.617
1767548796,1218.644,1216.89,-399.209
1767555797,1221.733,1219.564,-388.41
1767562797,1220.293,1221.2,-390.934
1767569802,1225.316,1213.339,-380.813
1767576796,1221.554,1217.49,-385.858
1767583797,1221.729,1216.631,-387.874
1767590797,1227.336,1219.461,-378.376
1767597797,1220.891,1224.951,-369.998
1767604797,1223.904,1222.801,-375.075
1767611797,1226.396,1223.711,-363.49
1767618797,1222.287,1222.698,-364.18
1767625797,1227.006,1224.353,-354.151
1767632797,1220.867,1223.51,-357.089
1767639797,1228.125,1223.872,-349.864
1767646797,1223.72,1220.261,-339.146
1767653796,1226.994,1228.09,-331.689
1767660797,1228.856,1233.431,-339.355
1767667797,1229.01,1225.419,-328.151
1767674802,1223.802,1221.281,-323.483
1767681797,1226.118,1229.309,-321.323
1767688797,1226.67,1232.212,-318.833
1767695797,1227.149,1228.283,-321.327
1767702796,1217.798,1227.649,-315.12
1767709797,1225.379,1227.151,-309.914
1767716796,1216.314,1228.122,-303.221
1767723797,1222.787,1226.503,-303.044
1767730797,1212.543,1225.423,-296.061
1767737797,1212.759,1225.953,-290.254
1767744797,1210.657,1218.998,-297.485
1767751797,1217.253,1227.617,-296.403
1767758797,1217.929,1220.101,-291.279
1767765797,1216.257,1225.486,-287.771
1767772797,1215.787,1226.931,-285.757
1767779802,1214.268,1220.599,-281.625
1767786796,1218.006,1227.775,-297.68
1767793797,1219.532,1228.879,-290.887
1767800797,1221.645,1229.501,-294.968
1767807797,1223.945,1236.492,-291.534
1767814797,1226.164,1237.189,-303.455
1767821796,1230.892,1239.583,-294.193
1767828796,1234.322,1244.887,-298.088
1767835797,1236.273,1247.549,-301.177
1767842797,1234.675,1258.155,-292.668
1767849797,1237.076,1261.368,-307.398
1767856797,1244.639,1255.436,-300.366
1767863797,1244.968,1260.296,-303.455
1767870797,1252.036,1272.452,-304.945
1767877797,1244.903,1261.568,-298.663
1767884802,1253.046,1268.921,-303.153
1767891797,1255.411,1269.072,-303.947
1767898797,1258.471,1269.886,-312.847
1767905797,1264.522,1269.16,-314.19
1767912796,1258.916,1277.066,-313.686
1767919797,1251.107,1275.268,-323.669
1767926797,1260.529,1280.682,-324.617
1767933878,1260.536,1277.464,-324.837
1767945797,1255.693,1276.851,-336.644
1767952797,1262.693,1275.041,-331.922
1767959797,1252.331,1269.651,-348.657
1767966796,1249.562,1276.558,-351.217
1767973797,1248.933,1263.491,-347.029
1767980797,1242.801,1252.901,-371.608
1767987803,1244.25,1250.937,-380.71
1767994797,1236.004,1248.117,-390.929
1768002153,1223.968,1234.337,-402.751
1768010113,1211.38,1223.516,-417.629
1768018013,1184.433,1203.001,-457.99
1768025951,1147.177,1173.3,-485.722
1768035322,1074.946,1117.07,-536.194
1768042805,981.752,1050.515,-591.316
1768049796,888.482,967.727,-617.45
1768056797,793.398,878.102,-617.448
1768063797,692.016,780.593,-618.792
1768070797,595.243,671.623,-600.87
1768077805,502.442,580.456,-562.456
1768084805,424.069,487.377,-524.735
1768091805,347.102,408.354,-472.261
1768098805,285.143,338.839,-420.858
1768105805,233.637,278.107,-370.706
1768112805,189.689,231.763,-325.866
1768119805,150.528,184.592,-286.9
1768126805,124.423,147.34,-245.947
1768133805,93.629,123.398,-218.463
1768140805,73.004,97.447,-181.244
1768147796,55.469,80.389,-155.789
1768154796,46.029,69.184,-131.016
1768161796,33.648,50.178,-116.74
1768168796,22.087,38.492,-87.381
1768175797,14.149,28.438,-76.04
1768182796,8.379,27.144,-62.545
1768189796,4.625,24.164,-56.646
1768196796,0.222,17.479,-45.896
1768203796,2.973,13.236,-31.229
1768210796,-2.531,16.967,-38.014
1768217796,-5.903,11.202,-16.418
1768224796,-11.845,7.757,-22.871
1768231796,-8.575,7.232,-14.316
1768238796,-16.302,7.919,-8.651
1768245796,-20.93,8.128,-14.655
1768252796,-13.064,0.591,-8.116
1768259796,-16.134,5.63,0.977
1768266796,-12.314,4.89,1.436
1768273796,-11.716,1.38,0.958
1768280797,-17.654,6.037,4.534
1768287796,-23.778,4.033,0.597
1768294796,-16.083,-3.082,8.903
1768301796,-15.753,1.778,5.815
1768308796,-18.799,4.303,2.293
1768315797,-19.804,5.096,11.4
1768322796,-22.271,3.805,8.921
1768329796,-21.912,-2.889,4.686
1768336796,-20.242,-0.427,22.587
1768343796,-25.912,-2.13,17.629
1768350796,-25.048,-4.823,8.29
1768357796,-21.925,1.685,16.269
1768364796,-25.39,3.682,22.113
1768371796,-25.75,5.897,4.904
1768378796,-19.56,7.55,14.911
1768385796,-25.393,7.049,22.079
1768392796,-27.141,5.745,20.853
1768399796,-24.658,4.118,22.351
1768406796,-25.512,5.312,20.076
1768413796,-25.567,5.231,13.251
1768420796,-23.659,6.691,13.462
1768427797,-24.348,5.594,21.067
1768434796,-23.388,-0.359,15.805
1768441796,-24.8,2.657,22.115
1768448796,-25.018,7.107,16.005
1768455796,-23.922,0.894,22.626
1768462796,-22.142,6.324,21.028
1768469796,-26.306,2.006,13.8
1768476796,-31.648,-1.097,17.448
1768483796,-27.494,5.809,14.284
1768490796,-28.68,8.001,14.784
1768497796,-24.262,10.49,14.19
1768504796,-26.494,6.121,27.413
1768511796,-33.146,1.377,19.214
1768518796,-25.702,4.841,23.37
1768525796,-34.557,9.813,24.962
1768532796,-28.461,5.017,20.626
1768539796,-30.063,3.964,8.525
1768547257,-25.969,1.345,21.64
1768555216,-23.126,4.746,17.772
1768563120,-30.236,-0.889,10.852
1768571050,-28.368,3.179,13.818
1768578970,-27.379,7.105,16.544
1768586804,-20.796,2.235,19.787
1768593796,-31.53,0.933,19.448
1768600796,-30.18,5.346,17.108
1768607796,-30.103,6.719,11.278
1768614796,-31.952,5.196,17.641
1768621796,-24.129,4.766,15.763
1768628796,-32.116,6.462,7.77
1768635796,-31.116,7.36,20.893
1768642796,-20.884,10.775,14.644
1768649796,-24.972,8.458,12.451
1768656796,-32.407,1.817,18.946
1768663796,-28.861,7.392,17.321
1768670796,-31.007,4.361,13.085
1768677796,-31.914,0.975,15.155
1768684796,-27.643,7.273,14.271
1768691797,-26.002,10.258,23.318
1768698796,-26.945,7.392,17.041
1768705796,-28.615,7.943,20.851
1768712796,-33.154,5.766,19.422
1768719796,-29.54,1.28,13.601
1768726796,-24.553,0.531,14.802
1768733796,-22.465,8.061,23.038
1768740796,-27.497,8.298,14.258
1768747796,-27.629,1.61,24.694
1768754796,-27.182,1.573,13.312
1768761796,-30.872,2.594,14.112
1768768796,-28.654,5.237,13.042
1768775796,-36.446,1.587,12.938
1768782796,-29.897,6.656,17.849
1768789796,-31.432,5.879,22.682
1768796796,-31.068,4.024,17.64
1768803796,-31.234,2.692,19.173
1768810796,-26.924,3.451,15.817
1768817796,-25.976,6.28,10.718
1768824796,-29.508,6.577,10.765
1768831796,-25.947,2.826,19.854
1768838796,-30.445,8.695,3.678
1768845796,-22.683,10.02,17.206
1768852796,-30.199,7.822,18.347
1768859796,-22.785,-1.082,14.793
1768866796,-29.381,7.776,23.139
1768873796,-23.059,5.819,12.704
1768880796,-27.016,7.927,22.346
1768887796,-25.74,-1.192,26.719
1768894796,-27.872,8.24,20.332
1768901796,-33.311,7.476,9.041
1768908796,-23.877,5.427,7.916
1768915796,-30.62,3.882,17.129
1768922796,-23.902,4.425,20.82
1768929796,-28.809,6.11,13.541
1768936797,-27.838,7.678,17.809
1768943796,-25.203,1.366,19.353
1768950796,-26.124,0.566,11.284
1768957796,-30.477,-1.542,17.941
1768964796,-23.223,7.02,24.829
1768971796,-29.903,6.065,18.361
1768978796,-28.384,2.874,15.085
1768985796,-30.621,1.83,17.403
1768992796,-27.747,5.399,11.258
1768999796,-29.309,0.648,18.408
1769006796,-26.728,0.89,23.425
1769013796,-30.156,2.432,15.621
1769020796,-24.796,2.073,21.868
1769027796,-30.562,10.663,12.255
1769034797,-27.541,10.715,6.397
1769041796,-24.808,10.416,22.036
1769048796,-26.999,9.217,9.944
1769055796,-38.918,13.038,9.822
1769062796,-25.33,9.333,28.122
1769069881,-23.592,9.124,19.251
1769081796,-30.508,-1.417,20.216
1769089157,-28.164,-4.504,21.225
1769097107,-22.812,11.938,15.671
1769105021,-33.179,0.767,21.749
1769112975,-29.547,8.6,13.526
1769120917,-23.943,3.621,12.992
1769128850,-25.055,6.934,18.788
1769135804,-27.472,0.551,13.073
1769142796,-30.314,5.502,16.097
1769149796,-36.881,1.739,12.437
1769156796,-25.794,3.709,19.338
1769163796,-32.069,4.925,15.37
1769170796,-24.901,3.423,18.569
1769177796,-26.04,7.009,26.386
1769184796,-33.222,7.874,13.333
1769191796,-31.607,6.153,24.705
1769198796,-32.506,1.412,15.412
1769205796,-29.211,4.673,10.781
1769212797,-24.268,10.339,14.697
1769219796,-26.817,6.206,18.568
1769226796,-31.055,7.403,16.341
1769233796,-32.369,4.628,15.883
1769240797,-26.927,3.449,16.07
1769247796,-26.599,10.358,12.96
1769254796,-34.609,6.951,18.166
1769261796,-30.001,5.556,25.699
1769268796,-28.34,6.422,11.509
1769275796,-32.014,2.515,22.472
1769282796,-31.708,6.291,10.294
1769289796,-26.8,2.995,17.59
1769296796,-39.269,8.749,14.422
1769304796,-30.39,10.429,21.357
1769311797,-31.019,6.884,24.689
1769318796,-23.001,6.195,19.272
1769325796,-25.859,2.45,13.284
1769332796,-33.488,8.521,22.179
1769339796,-33.335,5.888,21.951
1769346797,-26.616,4.046,14.795
1769353796,-23.626,0.415,11.503
1769360796,-30.894,7.12,15.33
1769367796,-24.653,9.396,21.538
1769374796,-27.719,5.9,20.101
1769381796,-25.987,6.502,33.469
1769388796,-25.961,6.625,20.574
1769395796,-27.576,6.044,20.35
1769402796,-25.28,3.362,24.896
1769409796,-29.741,1.388,17.648
1769416796,-35.545,8.233,21.959
1769423796,-24.719,5.938,15.76
1769430796,-26.368,17.597,6.057
1769437796,-27.954,2.028,26.97
1769444796,-31.916,2.732,15.137
1769451796,-29.21,3.063,10.797
1769458796,-29.676,11.877,22.849
1769465796,-28.39,1.406,15.606
1769472796,-29.366,10.423,21.848
1769479796,-30.739,4.822,25.97
1769486796,-28.175,2.039,10.54
1769493796,-25.839,2.757,11.763
1769500796,-23.581,10.89,18.221
1769507796,-29.732,2.127,16.882
1769514796,-32.611,9.794,11.535
1769521796,-29.951,6.617,21.895
1769528796,-36.261,4.251,9.874
1769535796,-29.747,3.874,17.875
1769542796,-30.505,7.773,8.239
1769549797,-28.414,12.376,16.505
1769556797,-31.292,-0.279,23.755
1769563796,-31.228,6.213,18.378
1769570796,-27.963,2.713,16.598
1769577796,-27.672,5.494,16.565
1769584796,-31.656,3.146,17.657
1769591796,-27.229,6.772,5.422
1769598796,-25.63,4.014,18.068
1769605796,-31.288,8.368,22.655
1769612796,-26.945,4.754,17.321
1769619796,-24.823,3.185,12.756
1769626796,-32.008,5.701,10.81
1769634157,-29.626,2.683,19.908
1769642107,-33.512,8.797,23.946
1769650013,-32.485,1.762,24.762
1769657951,-25.619,6.073,17.035
1769665886,-28.842,5.793,16.073
1769673809,-28.856,6.076,17.082
1769681800,-30.257,3.052,12.076
1769688796,-32.539,11.832,27.946
1769695796,-28.45,3.853,19.88
1769702796,-23.61,6.181,20.798
1769709796,-31.421,8.231,21.647
1769716796,-29.992,5.082,14.074
1769723796,-29.611,-1.701,19.195
1769730796,-32.075,11.367,15.304
1769737796,-30.32,5.351,16.604
1769744796,-31.552,2.676,20.947
1769751796,-31.345,7.26,16.094
1769758796,-30.606,6.676,15.836
1769765796,-29.587,7.985,16.567
1769772796,-27.312,4.515,11.766
1769779796,-21.924,6.96,15.709
1769786796,-27.321,3.776,12.533
1769793796,-26.378,3.965,7.967
1769800796,-29.245,-1.316,24.748
1769807796,-25.0,4.816,25.888
1769814796,-32.334,9.488,12.798
1769821796,-26.201,6.371,16.535
1769828796,-29.015,0.794,18.402
1769835796,-28.649,5.574,23.657
1769842796,-29.43,6.779,4.947
1769849796,-30.593,5.847,25.957
1769856797,-29.999,5.809,14.573
1769863796,-28.026,11.312,20.555
1769870796,-30.765,2.418,17.146
1769877796,-29.935,7.361,20.623
1769884796,-29.638,3.805,9.784
1769891796,-28.028,6.183,21.114
1769898796,-23.672,5.803,14.482
1769905796,-28.231,6.395,14.288
1769912796,-27.483,7.868,13.251
1769919796,-31.431,6.572,11.551
1769926796,-31.164,3.768,13.852
1769933797,-29.306,4.313,17.865
1769940796,-32.946,6.249,14.863
1769947796,-29.96,4.225,11.807
1769954796,-32.922,10.556,23.667
1769961796,-29.325,8.067,7.967
1769968796,-31.891,8.317,12.804
1769975796,-28.219,6.005,24.405
1769982796,-35.021,7.266,15.893
1769989796,-29.019,1.816,18.645
1769996796,-28.867,9.732,17.55
1770003796,-29.753,11.593,6.672
1770010796,-34.289,1.256,16.703
1770017796,-33.813,4.838,24.75
1770024796,-31.805,8.859,17.348
1770031796,-26.322,0.237,15.083
1770038796,-31.944,10.184,16.578
1770045796,-29.324,3.673,8.264
1770052796,-21.859,11.003,21.482
1770059796,-30.325,0.073,17.417
1770066796,-29.319,3.864,18.881
1770073796,-33.192,0.464,22.763
1770080796,-26.746,1.463,24.683
1770087796,-39.362,9.855,21.238
1770094796,-34.164,6.66,17.91
1770101796,-28.324,4.424,21.389
1770108796,-29.844,9.225,24.648
1770115796,-28.461,5.31,20.623
1770122796,-31.155,2.936,24.226
1770129796,-28.668,9.328,13.759
1770136796,-29.795,7.795,21.122
1770143796,-30.269,6.015,23.676
1770150796,-32.919,4.697,23.98
1770157796,-33.944,8.951,23.192
1770164796,-33.776,8.38,21.679
1770171796,-32.486,1.28,13.896
1770179126,-27.903,3.489,12.038
1770187085,-31.255,14.796,8.683
1770194996,-35.551,9.799,11.324
1770202924,-26.359,3.434,17.579
1770212269,-25.897,6.964,15.766
1770220804,-28.312,6.484,20.356
1770227796,-25.905,3.694,5.687
1770234796,-28.155,-1.462,9.312
1770241796,-31.478,-0.055,15.665
1770248796,-31.887,5.431,23.705
1770255796,-28.747,6.635,19.855
1770262796,-25.584,5.219,14.516
1770269796,-25.064,-0.398,20.128
1770276796,-22.936,9.464,14.181
1770283796,-28.232,2.041,25.71
1770290796,-29.621,4.299,19.386
1770297796,-28.51,4.941,13.296
1770304796,-24.772,1.651,20.103
1770311796,-24.252,7.128,13.718
1770318796,-30.356,7.669,19.109
1770325796,-23.07,6.69,13.453
1770332796,-26.409,-1.332,10.802
1770339796,-22.978,-0.423,7.205
1770346796,-21.219,0.93,18.542
1770353796,-24.777,-0.403,20.629
1770360796,-30.257,1.481,23.216
1770367797,-26.306,2.487,24.667
1770374796,-31.619,1.456,26.017
1770381796,-22.074,0.218,16.539
1770388796,-27.106,6.901,7.188
1770395796,-24.103,2.294,14.019
1770402796,-20.279,2.623,25.085
1770409796,-23.076,-1.518,14.549
1770416796,-23.642,6.264,12.202
1770423796,-31.101,-0.248,20.465
1770430796,-26.612,4.677,25.407
1770437796,-24.27,5.064,15.257
1770444796,-27.046,10.396,24.343
1770451796,-25.146,1.7,15.051
1770458796,-25.266,4.943,12.744
1770465796,-23.6,6.481,20.036
1770472796,-30.41,5.538,12.306
1770479796,-32.378,-0.213,16.944
1770486796,-29.418,3.312,15.348
1770493796,-25.696,0.41,12.291
1770500796,-25.919,8.413,17.269
1770507796,-17.447,5.242,11.112
1770514796,-24.601,-3.061,7.76
1770521796,-33.111,3.746,16.408
1770528796,-30.631,8.269,17.59
1770535797,-29.621,7.522,19.1
1770542796,-29.213,6.284,10.764
1770549797,-29.804,6.617,21.893
1770556796,-27.8,5.402,26.175
1770563796,-28.718,1.967,18.133
1770570797,-24.901,4.155,18.562
1770577796,-27.246,4.457,17.834
1770584796,-30.857,-1.644,13.397
1770591796,-25.171,-0.662,17.098
1770598796,-28.211,8.648,23.619
1770605796,-27.464,4.114,23.149
1770612796,-33.299,7.672,19.151
1770619796,-23.962,2.143,14.524
1770626796,-28.352,1.139,12.827
1770633796,-34.034,-6.245,20.316
1770640796,-25.109,3.233,23.125
1770647797,-31.007,2.058,24.232
1770654796,-27.469,5.575,23.387
1770661796,-30.834,2.035,11.337
1770668796,-26.021,5.41,25.138
1770675796,-28.474,-3.091,11.355
1770682796,-27.063,-0.938,15.611
1770689796,-29.472,9.427,18.826
1770696796,-30.309,6.05,4.715
1770703796,-23.676,3.455,15.012
1770710796,-28.539,6.679,15.301
1770717796,-33.215,3.085,24.253
1770725272,-29.556,-2.395,15.156
1770733231,-27.579,5.895,20.605
1770741137,-29.102,-1.946,14.134
1770749048,-26.382,6.786,19.062
1770756970,-29.265,0.387,15.123
1770764804,-30.066,1.513,19.927
1770771796,-33.11,6.09,16.131
1770778796,-25.557,8.315,12.208
1770785796,-28.649,5.135,23.662
1770792796,-30.719,3.623,13.594
1770799796,-25.323,1.239,17.334
1770806796,-25.105,-1.641,12.304
1770813796,-29.824,-1.35,13.127
1770820796,-25.927,3.426,18.331
1770827796,-29.574,5.211,15.837
1770834796,-24.581,4.906,16.527
1770841796,-28.274,5.925,17.581
1770848796,-27.91,-2.523,13.111
1770855796,-31.3,3.671,23.967
1770862797,-26.145,7.73,12.222
1770869796,-29.239,-1.792,13.376
1770876796,-20.365,2.374,20.538
1770883796,-30.242,3.543,21.931
1770890796,-29.737,7.544,16.826
1770897796,-18.866,-1.417,18.786
1770904796,-18.133,3.081,7.605
1770911796,-26.532,5.467,19.33
1770918796,-23.497,5.529,12.46
1770925796,-26.373,7.672,18.294
1770932796,-24.593,10.025,16.98
1770939797,-26.811,10.752,17.763
1770946796,-27.773,-1.757,24.731
1770953796,-27.272,6.929,19.578
1770960796,-24.086,5.822,12.465
1770967797,-28.111,3.299,16.594
1770974796,-27.354,-0.496,15.358
1770981796,-26.609,7.128,14.005
1770988796,-21.944,2.216,6.657
1770995796,-31.485,2.87,15.888
1771002796,-25.031,3.728,17.304
1771009796,-31.015,2.011,13.868
1771016796,-28.94,1.768,23.7
1771023796,-26.838,3.847,20.362
1771030796,-26.606,4.828,24.9
1771037796,-26.006,10.256,23.571
1771044796,-23.762,2.913,10.468
1771051796,-28.635,6.276,11.514
1771058796,-26.632,4.516,26.926
1771065796,-26.418,4.857,21.863
1771072796,-25.043,1.815,18.335
1771079796,-33.449,0.491,19.986
1771086796,-25.608,8.425,16.0
1771093797,-22.024,5.13,23.314
1771100796,-20.617,7.239,16.952
1771107796,-33.549,1.446,27.309
1771115796,-29.098,5.57,24.169
1771122796,-26.881,-0.725,23.949
1771129796,-27.412,1.912,8.508
1771136796,-28.424,1.967,18.129
1771143796,-37.42,8.262,19.204
1771150796,-24.943,3.791,10.729
1771157796,-25.235,5.739,21.331
1771164796,-25.561,6.742,23.601
1771171796,-19.403,4.92,14.43
1771178796,-28.562,2.706,17.365
1771185796,-31.0,1.916,23.728
1771192796,-31.953,6.075,17.632
1771199796,-22.704,11.219,29.582
1771206796,-27.998,5.724,7.972
1771213796,-28.232,2.187,25.708
1771220796,-28.406,-2.708,17.165
1771227796,-27.192,7.865,13.5
1771234796,-22.53,0.941,17.55
1771241796,-27.542,2.405,18.112
1771248796,-18.602,5.154,20.484
1771255796,-29.255,8.639,24.646
1771262796,-28.459,6.337,20.36
1771270444,-27.117,7.626,7.94
1771278383,-29.109,5.374,14.059
1771286285,-25.509,-3.77,20.674
1771294199,-27.899,3.198,11.788
1771302111,-31.76,5.709,25.217
1771309804,-25.222,6.188,20.315
1771316796,-29.833,4.064,13.324
1771323796,-31.586,1.145,12.621
1771330796,-27.551,-2.771,8.305
1771337796,-27.488,7.905,24.628
1771344881,-25.562,4.69,23.875
1771356796,-24.281,2.712,16.292
1771363796,-31.684,9.238,8.241
1771370796,-23.033,6.424,10.674
1771377796,-29.284,2.57,16.365
1771384796,-23.108,3.879,16.516
1771391796,-21.707,5.879,21.532
1771398796,-23.394,2.421,16.03
1771405796,-30.709,7.921,23.41
1771412796,-27.207,2.288,15.074
1771419796,-26.33,8.143,15.002
1771426796,-28.205,-0.431,23.965
1771433797,-23.802,3.659,24.366
1771440796,-22.87,5.304,20.543
1771447796,-28.986,-0.943,16.397
1771454796,-24.284,-2.02,5.975
1771461796,-27.627,5.379,13.279
1771468796,-28.801,1.428,13.336
1771475796,-23.878,4.295,19.051
1771482797,-28.399,0.374,16.375
1771489796,-23.762,3.206,10.465
1771496796,-24.466,3.564,19.067
1771503796,-24.43,5.536,27.137
1771510796,-25.334,5.773,17.793
1771517796,-26.536,3.412,19.857
1771524796,-27.408,2.688,19.118
1771531796,-27.259,3.423,18.856
1771538796,-23.14,0.446,8.209
1771545796,-27.802,7.159,26.157
1771552796,-27.753,8.952,22.346
1771559796,-23.548,5.053,16.258
1771566796,-29.632,8.832,19.845
1771573796,-29.929,5.021,20.394
1771580796,-27.758,0.305,23.446
1771587796,-21.662,4.886,18.255
1771594796,-33.306,10.451,19.376
1771601796,-28.26,1.54,16.867
1771608796,-24.824,4.503,12.742
1771615796,-27.028,8.024,12.232
1771622796,-27.004,6.177,21.605
1771629796,-27.463,5.099,12.015
1771636796,-25.46,4.616,16.29
1771643796,-27.958,1.544,16.357
1771650796,-26.969,1.075,19.381
1771657796,-23.498,4.69,23.593
1771664796,-29.015,3.871,18.118
1771671796,-32.137,3.453,31.566
1771678796,-25.9,6.815,16.021
1771685796,-31.511,5.196,17.634
1771692796,-27.065,4.92,15.298
1771699796,-25.83,5.734,21.845
1771706796,-27.958,0.666,16.366
1771713796,-26.579,4.366,12.01
1771720796,-27.934,2.043,25.453
1771727796,-27.025,1.58,12.551
1771734797,-25.461,2.711,16.562
1771741796,-22.587,3.098,21.573
1771748796,-25.184,2.845,17.821
1771755796,-22.228,3.583,16.76
1771762796,-24.602,2.693,18.32
1771769796,-25.199,0.929,19.105
1771776796,-29.635,4.728,20.393
1771783796,-21.625,7.801,4.32
1771790796,-24.91,5.614,19.053
1771797796,-26.364,8.411,17.528
1771804796,-23.287,8.691,18.492
1771811908,-25.479,6.214,17.538
1771821317,-28.625,3.206,11.04
1771829223,-27.053,3.652,25.424
1771837123,-26.73,2.207,23.411
1771845029,-34.425,10.054,15.098
1771852804,-21.93,-0.077,16.793
1771859796,-35.772,3.007,17.465
1771866796,-26.364,1.819,18.101
1771873796,-26.487,4.62,16.051
1771880796,-32.674,8.137,16.357
1771887796,-25.511,4.873,20.08
1771894796,-26.719,3.346,11.517
1771901796,-28.098,4.48,15.57
1771908796,-25.419,5.566,24.117
1771915796,-31.238,2.69,19.426
1771922796,-27.778,2.3,13.818
1771929796,-29.471,1.956,19.408
1771936796,-30.642,2.548,18.913
1771943796,-33.579,-0.082,18.729
1771950796,-28.745,1.802,20.158
1771957796,-27.173,5.828,12.257
1771964796,-27.737,5.26,10.501
1771971796,-28.453,3.997,20.131
1771978796,-27.591,4.128,21.634
1771985796,-27.728,3.361,10.015
1771992796,-29.349,3.403,21.161
1771999796,-27.792,5.807,14.541
1772006796,-28.253,5.061,16.072
1772013796,-28.879,3.675,8.005
1772020796,-27.816,-0.949,16.886
1772027796,-24.186,3.7,20.073
1772034796,-34.818,2.471,12.147
1772041796,-27.183,7.473,23.869
1772048796,-30.092,9.992,21.104
1772055796,-30.24,7.647,21.383
1772062796,-31.562,2.522,21.707
1772069796,-28.027,-0.849,21.692
1772076796,-30.096,6.431,10.775
1772083796,-21.997,5.15,21.291
1772090796,-26.343,3.046,27.442
1772097797,-27.463,-0.427,23.449
1772104796,-24.064,1.924,22.112
1772111796,-27.568,1.361,20.145
1772118796,-28.441,9.761,29.679
1772125796,-23.659,6.837,13.46
1772132796,-28.742,-2.486,9.331
1772139796,-32.179,3.674,23.727
1772146796,-26.864,5.252,11.247
1772153796,-24.435,4.067,27.657
1772160796,-23.402,6.517,16.241
1772167796,-28.87,-0.38,18.665
1772174796,-27.305,5.441,22.122
1772181796,-23.983,2.128,16.041
1772188796,-29.281,7.595,26.679
1772195796,-23.36,1.566,13.51
1772202796,-29.389,2.203,24.208
1772209796,-24.739,2.554,17.565
1772216796,-27.566,-0.542,20.165
1772223796,-28.095,4.482,15.317
1772230796,-25.774,0.793,18.103
1772237796,-21.265,-1.153,22.104
1772244796,-33.844,1.258,16.444
1772251796,-25.684,4.96,10.98
1772258796,-26.605,5.813,13.766
1772265796,-25.099,1.88,11.509
1772272796,-23.013,8.53,20.007
1772279796,-21.297,3.805,24.076
1772286796,-23.032,6.759,21.542
1772293796,-25.182,-2.282,18.126
1772300797,-23.308,5.746,20.292
1772307796,-24.202,3.542,21.339
1772314796,-23.237,3.934,26.125
1772321796,-28.522,-0.049,14.612
1772328796,-23.888,10.295,19.243
1772335796,-31.595,7.919,23.675
1772342796,-27.128,9.418,19.551
1772349796,-32.099,5.05,17.644
1772357275,-24.034,2.238,19.833
1772365230,-30.03,5.159,5.984
1772373135,-22.823,2.701,17.283
1772381048,-32.314,5.002,22.704
1772388970,-22.972,7.681,16.981
1772396804,-29.856,-3.424,15.676
1772403796,-29.027,1.184,8.286
1772410796,-26.389,6.635,19.569
1772417796,-26.269,0.316,22.16
1772424796,-25.653,3.411,19.844
1772431796,-28.266,1.242,17.376
1772438796,-29.077,3.932,11.798
1772445796,-22.909,3.811,23.593
1772452796,-29.543,4.208,13.571
1772459796,-29.644,0.619,21.447
1772466796,-24.045,0.033,20.867
1772473796,-30.6,4.629,15.604
1772480881,-24.917,8.979,19.271
1772492796,-27.433,6.48,20.597
1772499796,-25.86,-0.523,2.696
1772506796,-29.906,2.547,18.903
1772513796,-22.594,3.679,22.073
1772520796,-25.979,7.784,21.827
1772527796,-28.815,3.803,25.195
1772534796,-17.68,3.569,17.706
1772541796,-20.876,2.723,14.727
1772548797,-22.023,10.406,22.754
1772555796,-27.001,6.033,21.353
1772562796,-27.878,0.178,21.426
1772569796,-19.075,2.934,23.042
1772576796,-29.616,2.983,19.147
1772583796,-32.673,4.036,16.651
1772590796,-29.522,4.369,12.052
1772597796,-33.714,-1.539,17.988
1772604796,-28.014,5.126,9.242
1772611796,-34.98,3.779,13.148
1772618796,-23.772,4.559,22.081
1772625796,-28.881,3.422,19.132
1772632796,-24.351,4.085,10.464
1772639796,-27.588,4.57,21.377
1772646796,-26.762,4.381,25.665
1772653796,-30.167,6.527,16.084
1772660796,-26.339,4.473,16.051
1772667796,-33.114,0.081,16.951
1772674796,-25.692,6.419,11.471
1772681796,-24.041,1.167,9.479
1772688796,-29.651,3.063,10.803
1772695796,-25.253,9.493,11.433
1772702796,-26.608,0.285,25.452
1772709796,-25.748,4.914,15.785
1772716796,-19.218,2.708,0.798
1772723796,-26.461,7.316,24.872
1772730796,-25.642,2.394,19.096
1772737796,-29.161,3.139,18.127
1772744796,-25.128,-1.176,24.94
1772751796,-39.35,10.408,9.35
1772758796,-27.898,6.464,22.373
1772765796,-21.608,2.287,14.489
1772772796,-30.107,1.63,22.96
1772779796,-30.371,8.977,20.107
1772786796,-23.869,5.034,18.285
1772793796,-29.886,9.008,16.813
1772800796,-28.013,5.022,20.114
1772807796,-25.099,8.912,10.931
1772814796,-26.545,5.603,20.34
1772821796,-24.183,3.514,8.951
1772828796,-23.587,4.0,19.303
1772835796,-25.935,0.784,19.117
1772842797,-26.596,7.284,12.992
1772849797,-27.509,6.824,15.285
1772856796,-29.899,0.606,7.546
1772863796,-28.638,-0.759,12.345
1772870796,-28.436,4.156,18.865
1772877796,-29.687,-0.876,24.749
1772884796,-24.832,5.377,13.239
1772891796,-29.024,3.278,18.882
1772899144,-25.031,10.32,16.731
1772907093,-25.65,3.414,19.591
